"year","name"
2011,"Darvin Adams"
2011,"Anthony Allen"
2011,"Armando Allen"
2011,"Matt Asiata"
2011,"Jon Baldwin"
2011,"Damien Berry"
2011,"Armon Binns"
2011,"Allen Bradford"
2011,"DeAndre Brown"
2011,"Vincent Brown"
2011,"Stephen Burton"
2011,"Delone Carter"
2011,"John Clay"
2011,"Randall Cobb"
2011,"Graig Cooper"
2011,"Mark Dell"
2011,"Noel Devine"
2011,"Tandon Doss"
2011,"Shaun Draughn"
2011,"Darren Evans"
2011,"Mario Fannin"
2011,"Edmond Gates"
2011,"A.J. Green"
2011,"Alex Green"
2011,"Tori Gurley"
2011,"Leonard Hankerson"
2011,"Jamie Harper"
2011,"Dwayne Harris"
2011,"Roy Helu"
2011,"Andre Holmes"
2011,"Kendall Hunter"
2011,"Mark Ingram"
2011,"Lestar Jean"
2011,"Jerrel Jernigan"
2011,"Ronald Johnson"
2011,"Julio Jones"
2011,"Taiwan Jones"
2011,"Jeremy Kerley"
2011,"Mikel Leshoure"
2011,"Dion Lewis"
2011,"Greg Little"
2011,"Derrick Locke"
2011,"Ricardo Lockette"
2011,"Jeff Maehl"
2011,"Denarius Moore"
2011,"Orenthal Murdock"
2011,"DeMarco Murray"
2011,"Niles Paul"
2011,"Austin Pettis"
2011,"Kealoha Pilares"
2011,"Bilal Powell"
2011,"Stevan Ridley"
2011,"Aldrick Robinson"
2011,"Jacquizz Rodgers"
2011,"Evan Royster"
2011,"Brandon Saine"
2011,"Greg Salas"
2011,"DeMarco Sampson"
2011,"Jock Sanders"
2011,"Dane Sanzenbacher"
2011,"Da'Rel Scott"
2011,"Cecil Shorts"
2011,"Torrey Smith"
2011,"Owen Spencer"
2011,"Vai Taua"
2011,"Daniel Thomas"
2011,"Jordan Todman"
2011,"Terrance Toliver"
2011,"Shane Vereen"
2011,"Ryan Whalen"
2011,"Johnny White"
2011,"Marshall Williams"
2011,"Ryan Williams"
2011,"Jimmy Young"
2011,"Titus Young"
2012,"Joe Adams"
2012,"Edwin Baker"
2012,"Mike Ball"
2012,"Vick Ballard"
2012,"Tim Benford"
2012,"Travis Benjamin"
2012,"Justin Blackmon"
2012,"Brandon Bolden"
2012,"Jarrett Boykin"
2012,"LaVon Brazill"
2012,"Ryan Broyles"
2012,"Greg Childs"
2012,"Danny Coale"
2012,"Josh Cooper"
2012,"Lennon Creer"
2012,"Juron Criner"
2012,"B.J. Cunningham"
2012,"Patrick Edwards"
2012,"Michael Floyd"
2012,"Jeff Fuller"
2012,"Terrance Ganaway"
2012,"Chris Givens"
2012,"T.J. Graham"
2012,"Cyrus Gray"
2012,"Jonas Gray"
2012,"Jewel Hampton"
2012,"Darius Hanks"
2012,"Junior Hemingway"
2012,"Dan Herron"
2012,"Stephen Hill"
2012,"Ronnie Hillman"
2012,"T.Y. Hilton"
2012,"Jerrell Jackson"
2012,"LaMichael James"
2012,"Alshon Jeffery"
2012,"A.J. Jenkins"
2012,"Dwight Jones"
2012,"Marvin Jones"
2012,"Jermaine Kearse"
2012,"Doug Martin"
2012,"Keshawn Martin"
2012,"Rishard Matthews"
2012,"Marquis Maze"
2012,"Marvin McNutt"
2012,"Davin Meggett"
2012,"Lamar Miller"
2012,"Kashif Moore"
2012,"Alfred Morris"
2012,"Derek Moye"
2012,"Chris Owusu"
2012,"Eric Page"
2012,"Isaiah Pead"
2012,"Bernard Pierce"
2012,"Chris Polk"
2012,"Tauren Poole"
2012,"DeVier Posey"
2012,"Brian Quick"
2012,"Chris Rainey"
2012,"Rueben Randle"
2012,"Daryl Richardson"
2012,"Trent Richardson"
2012,"Gerell Robinson"
2012,"James Rodgers"
2012,"Mohamed Sanu"
2012,"Darrell Scott"
2012,"Michael Smith"
2012,"Tommy Streeter"
2012,"Nick Toon"
2012,"Robert Turbin"
2012,"Marc Tyler"
2012,"Jordan White"
2012,"Foswhitt Whittaker"
2012,"David Wilson"
2012,"Jarius Wright"
2012,"Kendall Wright"
2012,"Devon Wylie"
2013,"C.J. Anderson"
2013,"Tavon Austin"
2013,"Stedman Bailey"
2013,"Montee Ball"
2013,"Kenjon Barner"
2013,"Le'Veon Bell"
2013,"Giovani Bernard"
2013,"Alan Bonner"
2013,"Josh Boyce"
2013,"Rex Burkhead"
2013,"Knile Davis"
2013,"Marcus Davis"
2013,"Andre Ellington"
2013,"Michael Ford"
2013,"Johnathan Franklin"
2013,"Corey Fuller"
2013,"Mike Gillislee"
2013,"Tyrone Goard"
2013,"Marquise Goodwin"
2013,"Ray Graham"
2013,"Cobi Hamilton"
2013,"Chris Harper"
2013,"D.J. Harper"
2013,"Montel Harris"
2013,"Mark Harrison"
2013,"DeAndre Hopkins"
2013,"Justin Hunter"
2013,"Mike James"
2013,"Jawan Jamison"
2013,"Stefphon Jefferson"
2013,"Darius Johnson"
2013,"Brandon Kaufman"
2013,"Tavarres King"
2013,"Eddie Lacy"
2013,"Marcus Lattimore"
2013,"Alec Lemon"
2013,"Miguel Maysonet"
2013,"Onterio McCalebb"
2013,"Aaron Mellette"
2013,"Christine Michael"
2013,"T.J. Moe"
2013,"Cordarrelle Patterson"
2013,"Quinton Patton"
2013,"Joseph Randle"
2013,"Theo Riddick"
2013,"Denard Robinson"
2013,"DaRick Rogers"
2013,"Robbie Rouse"
2013,"Lanear Sampson"
2013,"Ace Sanders"
2013,"Rodney Smith"
2013,"Ryan Spadola"
2013,"Zac Stacy"
2013,"Kenny Stills"
2013,"Ryan Swope"
2013,"Stepfan Taylor"
2013,"Kenbrell Thompkins"
2013,"Chris Thompson"
2013,"Matthew Tucker"
2013,"Conner Vernon"
2013,"Markus Wheaton"
2013,"Kerwynn Williams"
2013,"Terrance Williams"
2013,"Marquess Wilson"
2013,"George Winn"
2013,"Cierre Wood"
2013,"Robert Woods"
2014,"Jared Abbrederis"
2014,"Davante Adams"
2014,"Antonio Andrews"
2014,"Dri Archer"
2014,"George Atkinson"
2014,"Odell Beckham"
2014,"Kelvin Benjamin"
2014,"Kapri Bibbs"
2014,"Alfred Blue"
2014,"Chris Boyd"
2014,"Corey Brown"
2014,"John Brown"
2014,"Martavis Bryant"
2014,"Isaiah Burse"
2014,"Trey Burton"
2014,"Michael Campanaro"
2014,"KaDeem Carey"
2014,"Brandon Coleman"
2014,"Brandin Cooks"
2014,"Damian Copeland"
2014,"Tim Cornett"
2014,"Isaiah Crowell"
2014,"Mike Davis"
2014,"Anthony Denham"
2014,"Bruce Ellington"
2014,"Quincy Enunwa"
2014,"Mike Evans"
2014,"Shaquelle Evans"
2014,"Tim Flanders"
2014,"David Fluellen"
2014,"Bennie Fowler"
2014,"Austin Franklin"
2014,"Devonta Freeman"
2014,"Tyler Gaffney"
2014,"Jeremy Gallon"
2014,"Ryan Grant"
2014,"Matt Hazel"
2014,"Robert Herron"
2014,"Jeremy Hill"
2014,"Cody Hoffman"
2014,"Josh Huff"
2014,"Allen Hurns"
2014,"Carlos Hyde"
2014,"Jeff Janis"
2014,"Storm Johnson"
2014,"TJ Jones"
2014,"Henry Josey"
2014,"Jarvis Landry"
2014,"Cody Latimer"
2014,"Marqise Lee"
2014,"Marcus Lucas"
2014,"Tre Mason"
2014,"Jordan Matthews"
2014,"Jerick McKinnon"
2014,"Donte Moncrief"
2014,"Kevin Norwood"
2014,"LaDarius Perkins"
2014,"Walter Powell"
2014,"Silas Redd"
2014,"Tevin Reese"
2014,"Paul Richardson"
2014,"Allen Robinson"
2014,"Bishop Sankey"
2014,"Jalen Saunders"
2014,"Lache Seastrunk"
2014,"Charles Sims"
2014,"Jerome Smith"
2014,"Willie Snead"
2014,"Josh Stewart"
2014,"Devin Street"
2014,"Lorenzo Taliaferro"
2014,"DeAnthony Thomas"
2014,"L'Damian Washington"
2014,"Sammy Watkins"
2014,"Terrance West"
2014,"James White"
2014,"James Wilder"
2014,"Andre Williams"
2014,"Damien Williams"
2014,"Albert Wilson"
2015,"Ameer Abdullah"
2015,"Nelson Agholor"
2015,"Malcolm Agnew"
2015,"Jay Ajayi"
2015,"Mario Alford"
2015,"Javorius Allen"
2015,"Dres Anderson"
2015,"Cameron Artis-Payne"
2015,"DeJuan Beard"
2015,"Kenny Bell"
2015,"Bill Belton"
2015,"Michael Bennett"
2015,"Joe Bergeron"
2015,"Da'Ron Brown"
2015,"Dominique Brown"
2015,"Malcolm Brown"
2015,"Damiere Byrd"
2015,"Jesse Callier"
2015,"DeAndre Carter"
2015,"B.J. Catalon"
2015,"Jawon Chisholm"
2015,"Marquez Clark"
2015,"Kaelin Clay"
2015,"Sammie Coates"
2015,"David Cobb"
2015,"Tevin Coleman"
2015,"Chris Conley"
2015,"Kenny Cook"
2015,"Amari Cooper"
2015,"Tony Creecy"
2015,"John Crockett"
2015,"Jamison Crowder"
2015,"DaVaris Daniels"
2015,"Andre Davis"
2015,"Devante Davis"
2015,"Geremy Davis"
2015,"Mike Davis"
2015,"Titus Davis"
2015,"Synjyn Days"
2015,"Andre Debose"
2015,"Stefon Diggs"
2015,"Phillip Dorsett"
2015,"Quinton Dunbar"
2015,"Lemar Durant"
2015,"Michael Dyer"
2015,"Jahwan Edwards"
2015,"George Farmer"
2015,"Clay Fuller"
2015,"Devin Funchess"
2015,"Devin Gardner"
2015,"Keyarris Garrett"
2015,"Antwan Goodley"
2015,"Melvin Gordon"
2015,"Corey Grant"
2015,"Christian Green"
2015,"Dorial Green-Beckham"
2015,"Deontay Greenberry"
2015,"Rashad Greene"
2015,"Prince-Tyson Gulley"
2015,"Todd Gurley"
2015,"Rannell Hall"
2015,"Justin Hardy"
2015,"Chris Harper"
2015,"Josh Harper"
2015,"Alonzo Harris"
2015,"R.J. Harris"
2015,"Dee Hart"
2015,"Nick Harwell"
2015,"Braylon Heard"
2015,"Austin Hill"
2015,"Joe Hill"
2015,"Keshawn Hill"
2015,"Nick Hill"
2015,"Kenny Hilliard"
2015,"Akeem Hunt"
2015,"Jordon James"
2015,"Anthony Johnson"
2015,"David Johnson"
2015,"Duke Johnson"
2015,"Gus Johnson"
2015,"Vernon Johnson"
2015,"Chris Jones"
2015,"Matt Jones"
2015,"Tebucky Jones"
2015,"Tony Jones"
2015,"Terris Jones-Grigsby"
2015,"Malcome Kennedy"
2015,"Nigel King"
2015,"Jake Kumerow"
2015,"Marlin Lane"
2015,"Jeremy Langford"
2015,"Dez Lewis"
2015,"Jameon Lewis"
2015,"Tony Lippett"
2015,"Tyler Lockett"
2015,"Deon Long"
2015,"Keanon Lowe"
2015,"Tello Luckett"
2015,"Terrence Magee"
2015,"Venric Mark"
2015,"Kevonte Martin-Manley"
2015,"Vince Mayle"
2015,"Tre McBride"
2015,"Justin McCay"
2015,"Lyle McCombs"
2015,"Matt Miller"
2015,"Matt Milton"
2015,"Ty Montgomery"
2015,"Raheem Mostert"
2015,"Keith Mumphery"
2015,"Marcus Murphy"
2015,"J.J. Nelson"
2015,"Levi Norwood"
2015,"DeVante Parker"
2015,"Kevin Parks"
2015,"Breshad Perriman"
2015,"Shakim Phillips"
2015,"Kyle Prater"
2015,"Thomas Rawls"
2015,"Addison Richards"
2015,"Jamal Robinson"
2015,"Josh Robinson"
2015,"Ezell Ruffin"
2015,"Dominic Rufran"
2015,"Bud Sasser"
2015,"Ross Scheuerman"
2015,"Dawon Scott"
2015,"Jaxon Shipley"
2015,"Tommy Shuler"
2015,"DeAndre Smelter"
2015,"Devin Smith"
2015,"Dreamius Smith"
2015,"Evan Spencer"
2015,"Neal Sterling"
2015,"Jaelen Strong"
2015,"Tacoi Sumler"
2015,"Jordan Taylor"
2015,"Darren Waller"
2015,"Terron Ward"
2015,"Terrell Watson"
2015,"Brandon Wegher"
2015,"Jarrod West"
2015,"Darius White"
2015,"DeAndrew White"
2015,"Kevin White"
2015,"Jackie Williams"
2015,"Karlos Williams"
2015,"Kasen Williams"
2015,"Kenny Williams"
2015,"Trey Williams"
2015,"Tyrell Williams"
2015,"Demetrius Wilson"
2015,"Cam Worthy"
2015,"J.J. Worton"
2015,"Shane Wynn"
2015,"T.J. Yeldon"
2016,"Bralon Addison"
2016,"Geronimo Allison"
2016,"Demarcus Ayers"
2016,"Peyton Barber"
2016,"Devontae Booker"
2016,"Tyler Boyd"
2016,"Chris Brown"
2016,"Aaron Burbridge"
2016,"Devon Cajuste"
2016,"Leonte Carroo"
2016,"Tra Carson"
2016,"Corey Coleman"
2016,"Alex Collins"
2016,"Pharoh Cooper"
2016,"Marshaun Coprich"
2016,"Cody Core"
2016,"Trevor Davis"
2016,"Kenneth Dixon"
2016,"Josh Doctson"
2016,"Kenyan Drake"
2016,"Ezekiel Elliott"
2016,"Tyler Ervin"
2016,"Josh Ferguson"
2016,"D.J. Foster"
2016,"Will Fuller"
2016,"Keyarris Garrett"
2016,"Glenn Gronkowski"
2016,"Derrick Henry"
2016,"Quayvon Hicks"
2016,"Rashard Higgins"
2016,"Johnny Holton"
2016,"Jordan Howard"
2016,"Andy Janovich"
2016,"Devon Johnson"
2016,"Cayleb Jones"
2016,"Daniel Lasco"
2016,"Kenny Lawler"
2016,"Roger Lewis"
2016,"Kolby Listenbee"
2016,"Ricardo Louis"
2016,"Tre Madden"
2016,"Byron Marshall"
2016,"Jalin Marshall"
2016,"Keith Marshall"
2016,"Mekale McKay"
2016,"Braxton Miller"
2016,"Malcolm Mitchell"
2016,"Chris Moore"
2016,"Marquez North"
2016,"Jordan Payton"
2016,"Charone Peake"
2016,"Paul Perkins"
2016,"C.J. Prosise"
2016,"Demarcus Robinson"
2016,"Alonzo Russell"
2016,"Rashawn Scott"
2016,"Hunter Sharp"
2016,"Tajae Sharpe"
2016,"Sterling Shepard"
2016,"Wendell Smallwood"
2016,"Nelson Spruce"
2016,"Kelvin Taylor"
2016,"Michael Thomas"
2016,"Shadrach Thornton"
2016,"Laquon Treadwell"
2016,"Soma Vainuku"
2016,"Dan Vitale"
2016,"DeAndre Washington"
2016,"Brandon Wilds"
2016,"Duke Williams"
2016,"Jonathan Williams"
2016,"DeRunnya Wilson"
